{
    "__comment": "Made with TheDestruc7i0n's advancements generator: https://advancements.thedestruc7i0n.ca",
    "criteria": {
        "metalswords": {
            "trigger": "minecraft:player_hurt_entity",
            "conditions": {
                "damage": {
                    "type": {
                        "direct_entity": {
                            "type": "minecraft:player",
                            "equipment": {
                                "mainhand": {
                                    "tag": "immersive:metal_swords"
                                }
                            }
                        }
                    }
                }
            }
        }
    },
    "requirements": [
        [
            "metalswords"
        ]
    ],
    "rewards": {
        "function": "immersive:hit/metal_swords"
    },
    "parent": "immersive:root"
}